,baseline,diffuse,informative_persistent
baseline,1.0,0.9997634833693178,0.9998074564653046
diffuse,0.9997634833693178,1.0,0.9997970322954891
informative_persistent,0.9998074564653046,0.9997970322954891,1.0
