statistic,obs_value,ppc_p_value
mean,0.00023771619123853105,0.525
std,0.01223060314141002,0.525
skew,-0.3484386901828342,0.865
kurt_excess,10.596641686341902,0.0
