regime,duration_mean_days,duration_2.5%,duration_97.5%
low_vol_bull,86.63247163571783,59.31626827472723,124.55526348217202
high_vol_bear,36.583103817601454,25.6638412919934,51.54029884401224
